Geography,Total_Population_15_Years_And_Over,Now_married_Except_Separated_15_Years_And_Over,Widowed_15_Years_And_Over,Divorced_Population_15_Years_And_Over,Separated_Population_15_Years_And_Over,Never_Married_Estimate_Population_15_Years_And_Over,Total_Males_15_Years_And_Over,Now_Married_Males_15_Years_And_Over,Widowed_Males_15_Years_And_Over,Divorced_Males_15_Years_And_Over,Separated_Males_15_Years_And_Over,Never_Married_Males_15_Years_And_Over,Total_Males_15_Years_And_Over_15_To_19_Years,Now_Married_Except_Separated_Males_15_To_19_Years,Widowed_Males_15_To_19_Years,Divorced_Males_15_To_19_Years,Separated_Males_15_To_19_Years,Never_Married_Males_15_To_19_Years,Total_Males_20_To_34_Years,Now_Married_Except_Separated_Males_20_To_34_Years,Widowed_Males_20_To_34_Years,Divorced_Males_20_To_34_Years,Separated_Males_20_To_34_Years,Never_Married_Males_20_To_34_Years,Total_Males_35_To_44_Years,Now_Married_Males_35_To_44_Years,Widowed_Males_35_To_44_Years,Divorced_Males_35_To_44_Years,Separated_Males_35_To_44_Years,Never_Married_Males_35_To_44_Years,Total_Males_45_To_54_Years,Now_Married_Except_Separated_Males_15_Years_And_Over_45_To_54_Years,Widowed_Males_45_To_54_Years,Divorced_Males_45_To_54_Years,Separated_Males_45_To_54_Years,Never_Married_Males_45_To_54_Years,Total_Males_55_To_64_Years,Now_Married_Except_Separated_Males_55_To_64_Years,Widowed_Males_55_To_64_Years,Divorced_Males_55_To_64_Years,Separated_Males_55_To_64_Years,Never_Married_Males_55_To_64_Years,Total_Males_65_Years_And_Over,Now_Married_Except_Separated_Males_65_Years_And_Over,Widowed_Males_65_Years_And_Over,Divorced_Males_65_Years_And_Over,Separated_Males_65_Years_And_Over,Never_Married_65_Years_And_Over,Total_Females_15_Years_And_Over,Now_Married_Except_Separated_Females_15_Years_And_Over,Widowed_Females_15_Years_And_Over,Divorced_Females_15_Years_And_Over,Separated_Females_15_Years_And_Over,Never_Married_Females_15_Years_And_Over,Total_Females_15_To_19_Years,Now_Married_Except_Separated_Females_15_To_19_Years,Widowed_Females_15_To_19_Years,Divorced_Females_15_To_19_Years,Separated_Females_15_To_19_Years,Never_Married_Females_15_To_19_Years,Total_Females_20_To_34_Years,Now_Married_Except_Separated_Females_20_To_34_Years,Widowed_Females_20_To_34_Years,Divorced_Females_20_To_34_Years,Separated_Females_20_To_34_Years,Never_Married_Females_20_To_34_Years,Total_Females_35_To_44_Years,Now_Married_Except_Separated_Females_35_To_44_Years,Widowed_Females_35_To_44_Years,Divorced_Females_35_To_44_Years,Separated_Females_35_To_44_Years,Never_Married_Females_35_To_44_Years,Total_Females_45_To_54_Years,Now_Married_Except_Separated_Females_45_To_54_Years,Widowed_Females_45_To_54_Years,Divorced_Females_45_To_54_Years,Separated_Females_45_To_54_Years,Never_Married_Females_45_To_54_Years,Total_Females_55_To_64_Years,Now_Married_Except_Separated_55_To_64_Years,Widowed_Females_55_To_64_Years,Divorced_Females_55_To_64_Years,Separated_Females_55_To_64_Years,Never_Married_Females_55_To_64_Years,Total_Females_65_Years_And_Over,Now_Married_Except_Separated_Females_65_Years_And_Over,Widowed_Females_65_Years_And_Over,Divorced_Females_65_Years_And_Over,Separated_Females_65_Years_And_Over,Never_Married_Females_65_Years_And_Over,Total_Population_One_Race,Now_Married_Except_Separated_One_Race,Widowed_One_Race,Divorced_One_Race,Separated_One_Race,Never_Married_One_Race,Total_Population_White,Now_Married_Except_Separated_White,Widowed_White,Divorced_White,Separated_White,Never_Married_White,Total_Population_Black,Now_Married_Except_Separated_Black,Widowed_Black,Divorced_Black,Separated_Black,Never_Married_Black,Total_Population_American_Indian_And_Alaska_Native,Now_Married_Except_Separated_American_Indian_And_Alaska_Native,Widowed_American_Indian_And_Alaska_Native,Divorced_American_Indian_And_Alaska_Native,Separated_American_Indian_And_Alaska_Native,Never_Married_American_Indian_And_Alaska_Native,Total_Population_Asian,Now_Married_Except_Separated_Asian,Widowed_Asian,Divorced_Asian,Separated_Asian,Never_Married_Asian,Total_Population_Native_Hawaiian_And_Other_Pacific_Islander,Now_Married_Except_Separated_Native_Hawaiian_And_Other_Pacific_Islander,Widowed_Native_Hawaiian_And_Other_Pacific_Islander,Divorced_Native_Hawaiian_And_Other_Pacific_Islander,Separated_Native_Hawaiian_And_Other_Pacific_Islander,Never_Married_Native_Hawaiian_And_Other_Pacific_Islander,Total_Population_Some_Other_Race,Now_Married_Except_Separated_Some_Other_Race,Widowed_Some_Other_Race,Divorced_Some_Other_Race,Separated_One_Race_Some_Other_Race,Never_Married_Some_Other_Race,Total_Population_Two_Or_More_Races,Now_Married_Except_Separated_Two_Or_More_Races,Widowed_Two_Or_More_Races,Divorced_Two_Or_More_Races,Separated_Two_Or_More_Races,Never_Married_Two_Or_More_Races,Total_Hispanic_Or_Latino_Origin,Now_Married_Except_Separated_Hispanic_Or_Latino_Origin,Widowed_Estimate_Hispanic_Or_Latino_Origin,Divorced_Hispanic_Or_Latino_Origin,Separated_Hispanic_Or_Latino_Origin,Never_Married_Hispanic_Or_Latino_Origin,Total_White_Not_Hispanic_Or_Latino,Now_Married_Except_Separated_White_Not_Hispanic_Or_Latino,Widowed_White_Not_Hispanic_Or_Latino,Divorced_White_Not_Hispanic_Or_Latino,Separated_White_Not_Hispanic_Or_Latino,Never_Married_White_Not_Hispanic_Or_Latino,Total_Population_Native,Now_Married_Except_Separated_Native,Widowed_Native,Divorced_Native,Separated_Native,Never_Married_Native,Total_Population_Foreign_Born,Now_Married_Except_Separated_Foreign_Born,Widowed_Estimate_Foreign_Born,Divorced_Foreign_Born,Separated_Foreign_Born,Never_Married_Foreign_Born,Total_LABOR_FORCE_PARTICIPATION_Males,Now_Married_Except_Separated_LABOR_FORCE_PARTICIPATION_Males,Widowed_LABOR_FORCE_PARTICIPATION_Males,Divorced_LABOR_FORCE_PARTICIPATION_Males,Separated_LABOR_FORCE_PARTICIPATION_Males,Never_Married_LABOR_FORCE_PARTICIPATION_Males,Total_Males_In_Labor_Force,Now_Married_Except_Separated_Males_In_Labor_Force,Widowed_Males_In_Labor_Force,Divorced_Males_In_Labor_Force,Separated_Males_In_Labor_Force,Never_Married_Males_In_Labor_Force,Total_LABOR_FORCE_PARTICIPATION_Females,Now_Married_Except_Separated_LABOR_FORCE_PARTICIPATION_Females,Widowed_LABOR_FORCE_PARTICIPATION_Females,Divorced_LABOR_FORCE_PARTICIPATION_Females,Separated_LABOR_FORCE_PARTICIPATION_Females,Never_Married_LABOR_FORCE_PARTICIPATION_Females,Total_Females_In_Labor_Force,Now_Married_Except_Separated_Females_In_Labor_Force,Widowed_Females_In_Labor_Force,Divorced_Females_In_Labor_Force,Separated_Females_In_Labor_Force,Never_Married_Females_In_Labor_Force,Percent_Imputed
Alabama,3870865,48.7,7.2,12.4,2.6,29.1,1854423,51.4,3,11.4,2.2,32.1,169632,0.7,0,0.1,0,99.2,474447,31.7,0.1,5.1,1.8,61.2,300864,60.8,0.5,15.2,3.2,20.2,331402,63.6,1.6,18.7,3,13.2,288146,68.7,3.1,17.5,2.7,8.1,289932,72.3,13.4,9.7,1.4,3.2,2016442,46.2,11.1,13.4,3,26.3,162655,1.5,0,0.2,0.1,98.2,483389,37.3,0.4,7.1,3.4,51.8,314511,59.4,1.5,17.3,5.6,16.2,350551,60.9,4,20.5,4.1,10.5,314694,61,10.3,19.6,2.7,6.3,390642,40.2,43.5,12.1,0.9,3.3,3827851,48.8,7.2,12.4,2.6,29,2739287,55.7,7.4,12.4,1.8,22.7,983508,29.2,6.9,13,4.8,46.1,20348,48.4,7.4,15.4,3,25.7,45001,60.8,3.2,5.6,0.8,29.6,1201,46.1,5.7,16.7,3.3,28.2,38506,48.3,1.8,5.3,3.5,41.1,43014,39.6,6.2,13.5,3.2,37.5,126488,48,2.1,6.6,2.6,40.6,2658630,55.9,7.6,12.5,1.8,22.2,3714583,48.3,7.3,12.7,2.6,29.1,156282,58.4,3.3,6.3,2.3,29.8,1820980,52.3,3,11.6,2.2,30.9,1187147,57.1,1.1,11,2.1,28.6,1985454,46.9,11.2,13.6,3.1,25.2,1072197,49.1,3.6,15.5,3.4,28.3,3.5
Alaska,563759,49.5,3.8,12,2,32.8,294790,48.4,1.8,11,1.7,37.1,27452,0.6,0,0,0,99.3,88140,32.7,0.1,4.5,1.1,61.5,47973,60.4,0.5,12.1,2.3,24.8,55428,61.4,0.8,18.7,2.8,16.3,46852,66.1,2.9,17.2,2.3,11.5,28945,68.1,10.9,14.3,1.3,5.3,268969,50.7,5.9,13,2.2,28.2,24160,2,0,0,0.1,97.9,76730,43.6,0.4,6.1,2.3,47.6,44389,67.7,1.2,13.9,2.9,14.3,51422,63.3,2.7,20.6,2.8,10.6,42196,63.8,7.9,19.3,2.8,6.3,30072,43.1,34.2,18.1,1.1,3.6,531727,50.5,3.9,11.9,1.9,31.7,394053,54.1,3.6,12.5,1.8,28,19408,36.9,2.9,15.8,1.6,42.8,74473,34.2,5.4,9.6,2.5,48.4,31655,53.3,6,8.5,2.4,29.9,5417,50.7,1.8,3.7,4.4,39.3,6721,49,1.7,12.7,2,34.5,32032,32.2,1.5,12.5,2.7,51.1,29506,46,1.9,10.6,2.3,39.2,376635,54.3,3.6,12.7,1.7,27.6,515902,48.7,3.5,12.1,1.9,33.7,47857,57.9,6.1,10,2.8,23.2,288968,49.4,1.8,11.2,1.8,35.8,218275,52.8,0.8,11,1.8,33.6,264246,51.6,6,13.3,2.3,26.9,174762,51.8,2.6,14.7,2.6,28.3,2.8
Arizona,5128576,48.5,5.5,12.3,1.9,31.9,2531781,49.7,2.5,10.6,1.6,35.5,234803,0.9,0,0.1,0.1,98.8,682811,29.7,0.1,3.7,1.1,65.3,418548,59.7,0.4,12.9,2.3,24.8,414745,60.9,1,18.5,2.8,16.8,355130,67.5,2.6,18.8,2,9.1,425744,73.1,11.3,10.9,1.1,3.6,2596795,47.3,8.4,13.8,2.2,28.3,221045,1.9,0,0.1,0.1,97.8,644494,37.6,0.3,5.9,2.3,53.9,408603,59.8,1.2,16.9,3.7,18.4,425060,60,3.1,21.6,3.3,12.1,391615,61,7.5,22.4,2.1,7,505978,48.3,33.2,14.3,0.8,3.4,5019416,48.8,5.5,12.3,1.9,31.5,4150986,50.5,5.9,12.9,1.7,29,205160,31,4,13.5,2.8,48.7,210243,30.3,4.7,9,3.1,52.9,150013,59.8,3.6,6.3,1.1,29.2,9735,44.4,2.5,9.9,1.7,41.5,293279,44.8,2.8,9.1,3,40.3,109160,35.1,3.4,10.6,1.9,49,1346846,43.4,3.3,9.1,2.9,41.4,3163432,52.6,6.7,14,1.4,25.3,4299544,46.3,5.6,13,1.7,33.4,829032,60,4.7,8.3,3,24.1,2486851,50.6,2.6,10.8,1.6,34.4,1640405,53.2,0.8,10.6,1.6,33.7,2552860,48.1,8.5,14.1,2.2,27.1,1416103,46.6,2.8,16.9,2.7,31.1,4.2
Arkansas,2341416,51.2,7,12.9,2.4,26.4,1137143,53.3,2.9,12,2.1,29.6,102998,0.9,0,0,0.1,98.9,293597,36.4,0.1,6.1,2,55.5,182282,62.4,0.4,16,3.2,18,196563,64.4,1.4,20,3.2,11.1,172794,69.9,3.1,18,2.2,6.9,188909,72.9,12.7,10.3,1,3.1,1204273,49.2,10.8,13.8,2.8,23.4,98020,2.7,0,0.1,0.2,97,289885,43,0.4,8.3,3.7,44.6,184259,62.6,1.5,18.7,4.7,12.5,203341,62.4,3.6,21.4,3.7,8.9,185955,62.9,9.8,19.7,2.4,5.3,242813,43.5,41.6,11.3,0.7,2.8,2306335,51.4,7,12.9,2.4,26.3,1871769,55.3,7.3,13.1,1.9,22.3,343872,29.1,6.5,13.5,5,45.8,14311,49.3,4.8,15.4,3.6,26.9,29882,59.1,2.9,5.9,1.2,30.9,3457,48.1,0.2,5.6,0,46.1,43044,53.4,1.7,5.7,2.3,37,35081,39.2,5.9,14.4,3.9,36.6,125302,51.4,1.9,6.7,2.5,37.5,1794546,55.5,7.5,13.3,1.9,21.7,2216902,50.6,7.2,13.3,2.4,26.4,124514,61.2,3.3,6.2,2.2,27,1116851,54.3,3,12.2,2.1,28.4,726319,58.5,0.9,11.8,2,26.8,1184592,50,11,14,2.8,22.2,646656,52.3,3.7,16.5,3.3,24.2,2.4
California,30048767,46.9,5.1,9.6,2.3,36,14836120,48.2,2.1,8,1.9,39.7,1416849,0.8,0,0.1,0.1,99,4253408,26.4,0.1,2.4,1.2,69.9,2598024,61.5,0.3,8.5,2.7,26.9,2603567,64.9,0.9,13.1,2.9,18.1,2019754,68.5,2.2,15.4,2.5,11.5,1944518,69.3,12.1,11.1,1.7,5.8,15212647,45.7,8,11.2,2.7,32.4,1333269,1.6,0,0,0.1,98.3,4010389,34.4,0.2,3.7,2.1,59.6,2574349,63.3,0.9,11.2,4.1,20.5,2630207,62,2.8,17.1,4.2,13.9,2162086,59.3,7.9,20,3.3,9.5,2502347,40.3,37.6,15.1,1.6,5.4,29037349,47.3,5.2,9.6,2.3,35.5,19087493,48.2,5.6,10.7,2.2,33.3,1816604,28.8,5.5,13.3,3.8,48.6,228421,38.6,4.6,12.7,3.5,40.6,4187310,55.9,5.2,5.6,1.4,31.8,117632,47.2,4.2,8.3,2.7,37.5,3599889,43,2.7,6.4,3.3,44.6,1011418,35,3,9.3,2.3,50.4,10319583,43.6,3.2,6.9,3.2,43.1,12910349,49.9,6.7,12.5,1.7,29.3,20222989,40.6,5,10.9,2,41.6,9825778,59.9,5.4,7.1,3,24.6,14564822,49.1,2.2,8.2,1.9,38.6,10288954,53.2,0.7,7.7,2,36.4,14951773,46.5,8.2,11.4,2.8,31.3,8657290,47.1,2.6,12.8,3.3,34.3,3.8
Colorado,4090545,51.4,4.5,11.8,1.7,30.7,2041854,52,2,10.1,1.5,34.4,176270,0.8,0,0.1,0.1,99,573886,32.3,0.1,3.9,1.3,62.5,361905,64.3,0.4,11.8,2.3,21.3,363287,66,0.9,16,2,15,304969,70.4,2,17.4,1.4,8.9,261537,72.3,11.4,11.7,0.8,3.8,2048691,50.8,6.9,13.4,1.9,27,164644,2,0,0,0.1,97.9,533583,41.1,0.3,5.6,2,51,343546,66.8,0.9,14.3,3.1,14.9,367109,65.3,2.5,20,2.4,9.8,316096,63.6,6.2,21.9,1.8,6.5,323713,45.6,33.5,16.5,0.7,3.6,3986430,51.8,4.5,11.8,1.7,30.2,3496018,52.8,4.7,11.9,1.5,29.2,158974,34.4,4.1,14.1,3.5,43.9,38853,38.3,4,13.7,3,41,113901,57.5,4.2,7,1.4,29.9,5037,51.1,0.6,7.2,4.7,36.4,173647,46.8,2.8,9.6,3.5,37.4,104115,37.5,2.7,11,2.1,46.6,742565,45.9,3.3,9.7,3.1,38.1,2980449,53.8,4.9,12.4,1.2,27.7,3624772,50.2,4.5,12.3,1.5,31.5,465773,61,4,7.9,3,24.1,2007779,52.9,2.1,10.3,1.5,33.3,1498096,55.6,0.7,10,1.5,32.1,2015943,51.6,7,13.6,1.9,25.8,1276394,51.2,2.4,15.3,2.2,29,3.4
Connecticut,2929285,48.9,6.1,10.6,1.5,33,1410786,51.1,2.7,8.9,1.2,36.1,130808,0.4,0,0,0,99.5,333265,24.2,0.1,2.3,0.8,72.6,228965,64.9,0.2,9.6,1.7,23.6,276926,66.5,0.8,14.6,1.7,16.3,220425,70.1,2.1,15.2,1.4,11.2,220397,69.4,13.5,9.9,0.9,6.3,1518499,46.8,9.3,12.1,1.7,30,125008,0.7,0,0,0.1,99.2,324701,31.2,0.1,3.7,1.4,63.6,240781,64,0.6,13.2,2.5,19.6,291584,63.9,2.1,18.5,2.6,12.8,236538,61.9,6.3,20.3,1.9,9.6,299887,40.5,39.4,12.9,1.1,6.1,2875471,49.2,6.2,10.6,1.4,32.5,2334197,51.8,6.7,10.9,1.1,29.6,283393,29.7,4.9,11.4,3.4,50.6,6955,39,3.5,12,0.7,44.9,111592,63.4,3,4.4,0.9,28.4,1157,47.2,4.9,8.7,0,39.2,138177,35.2,2.3,9.8,4,48.7,53814,30.2,2.7,8.9,2.4,55.8,359918,37.3,2.5,9.8,3.6,46.8,2139797,52.8,7.1,11,0.9,28.3,2465975,46.9,6.2,11,1.3,34.6,463310,59.3,5.6,8.6,2.4,24.2,1385094,52.1,2.7,9.1,1.2,35,1014162,55.9,0.9,8.9,1.2,33.1,1494056,47.6,9.4,12.3,1.8,28.9,944561,49.8,2.7,13.9,1.9,31.6,3.3
Delaware,738730,47.8,6.3,11.2,2,32.7,353620,50.3,3,9.7,1.8,35.2,31496,0.6,0,0,0.1,99.3,89358,26.3,0,2.6,1.6,69.5,55271,61,0.6,12,2.5,23.9,63967,63.4,1.2,16.9,2.3,16.1,53934,69.6,2.7,16.4,2.4,8.9,59594,71,13.4,9.2,1.5,4.9,385110,45.5,9.3,12.6,2.1,30.4,30770,0.8,0,0.1,0.1,99,90063,32.3,0.1,3.7,1.5,62.4,58400,58.7,0.9,14.8,4.4,21.2,68804,58.4,3.6,20.7,3.3,13.9,61021,61.9,7.4,19.8,2.2,8.7,76052,44.5,37,13.2,0.9,4.3,726982,48.1,6.3,11.2,2,32.4,533401,51.5,7,11.6,1.6,28.3,150726,33,5.1,11.3,3.2,47.4,2563,37.6,4.5,17.4,2.5,38,24511,69.2,2.5,3.2,1,24,447,55.3,15.4,7.6,2.7,19,15334,45.1,1.5,8.4,3.7,41.4,11748,31.3,3.3,10.6,2.6,52.2,51994,44,2.1,7.3,2.9,43.6,500983,51.9,7.3,11.9,1.6,27.3,665558,46.4,6.5,11.8,1.9,33.4,73172,60.9,4.3,5.7,2.6,26.5,347084,51.2,3.1,9.8,1.9,34,238267,54.1,1.2,9.8,1.9,33.1,379280,46.2,9.4,12.8,2.2,29.4,228429,47.2,3.3,14.5,2.5,32.5,3.1
District of Columbia,530380,26.3,4.8,9.5,2.4,56.9,248008,28.8,2.1,8.5,2.4,58.2,18921,0.4,0,0,0.1,99.5,89777,15.4,0,1.7,0.6,82.4,42516,40.9,0.1,8.8,2.8,47.4,37914,33.6,1.2,14.9,4.1,46.1,30505,41.8,3.3,18.6,5.5,30.8,28375,51.7,12.9,16.1,3.3,16,282372,24.1,7.2,10.4,2.5,55.7,21453,0.4,0.1,0,0,99.5,103149,16.6,0.1,1.6,1.1,80.5,42093,37.3,0.9,10.4,2.7,48.6,38018,32.2,3.7,18,4.5,41.5,35671,33.4,8.6,22.9,5.3,29.8,41988,26.2,36.8,19.8,2.7,14.5,519698,26.4,4.9,9.6,2.5,56.7,224871,33.3,2,6.5,1.1,57.1,255297,19.1,7.8,12.9,3.7,56.6,1763,17.5,3.3,15.8,8.2,55.2,20330,33.6,2.6,3.6,1.7,58.5,199,23.6,0,6,0,70.4,17238,36.5,1.9,7.6,1.8,52.2,10682,23.3,3.4,6.8,2.3,64.2,47417,31.7,2.6,7.4,2.3,56.1,199582,33.6,2,6.5,1,57,448555,23.6,5,9.7,2.4,59.3,81825,41.3,3.7,8.5,2.7,43.8,245455,29.1,2.1,8.6,2.4,57.8,174977,32,0.8,8.2,2.3,56.7,279615,24.4,7.3,10.5,2.5,55.3,182481,25.9,2.3,10.2,2.5,59.1,6.9
Florida,15794224,47,7.1,12.9,2.5,30.5,7648394,49.2,3.1,11.3,2.1,34.2,619413,0.7,0,0,0.1,99.2,1834129,24.7,0.2,3.7,1.5,69.9,1202692,56.7,0.4,13.4,3.3,26.1,1341314,59.9,1.1,18.5,3.3,17.3,1135385,65.7,2.5,19.3,2.5,10,1515461,70.8,12.4,11.4,1.4,4,8145830,45,10.8,14.3,2.9,26.9,583114,1.3,0,0.1,0.2,98.5,1789463,31.8,0.3,5.5,3,59.3,1219350,58.4,1,17.2,5,18.4,1397257,58,3.3,22.4,4.4,11.9,1272182,58.4,8.4,22.6,3,7.6,1884464,43.7,37.8,13.6,1.1,3.8,15528798,47.2,7.2,12.9,2.5,30.2,12344432,50,7.8,13.4,2.2,26.7,2355266,31.3,5.2,11.9,4.3,47.3,48337,41.8,4.8,14,3.3,36.1,393292,59.4,4.8,6.1,1.5,28.3,8851,45.4,2.9,13.1,2.1,36.4,378620,42.5,2.8,10,4.1,40.6,265426,36.2,3.9,12.1,3,44.7,3433492,44.7,4.8,11.8,3.6,35.1,9458298,51.4,8.6,13.8,1.7,24.5,12238443,45.1,7.2,13.1,2.2,32.3,3555781,53.7,6.7,12,3.7,24,7529719,50,3.2,11.5,2.1,33.2,4881679,52,1,11.5,2.3,33.2,8033815,45.6,11,14.5,3,25.9,4474130,45.6,3.4,17.1,3.7,30.2,4.2
Georgia,7737656,47.8,5.6,11.4,2.5,32.8,3735298,50.1,2.3,9.8,2.1,35.7,365465,0.8,0,0.1,0.1,99,1022120,30.3,0.1,3.8,1.6,64.1,681639,61.8,0.5,12.2,2.9,22.6,678012,64.6,1.2,16.4,3.1,14.7,522327,69.6,2.9,16.3,2.7,8.5,465735,72,12.4,10.1,1.5,3.9,4002358,45.6,8.6,12.8,2.9,30.1,346235,1.5,0.1,0.1,0.1,98.2,1024498,36.2,0.3,5.5,2.7,55.3,711092,60.6,1.1,14.6,4.6,19.1,713955,59.9,3.3,20,4.1,12.8,582296,58.8,9.2,21.4,3,7.6,624282,39.8,41.1,13.8,1.3,4,7631196,47.9,5.6,11.4,2.5,32.6,4828918,55.2,6.1,11.4,1.7,25.5,2311579,31.2,5.1,12.6,4.2,46.9,19514,47.6,4.3,12.3,3.3,32.6,262974,62.1,3.4,4.5,1.1,28.8,3785,41,5,13.5,1.7,38.8,204426,47.4,1.6,5.7,3.2,42.1,106460,36.4,3,10.6,2.5,47.5,593296,48.1,2,6.2,3.3,40.5,4479035,55.6,6.4,11.8,1.6,24.5,6839367,46.3,5.8,12,2.5,33.4,898289,58.9,3.5,6.8,2.9,27.9,3663503,51.1,2.4,10,2.2,34.4,2539863,56,0.8,9.7,2.1,31.3,3934671,46.4,8.8,13.1,2.9,28.9,2312781,47.8,2.8,14.9,3.4,31.1,3.6
Hawaii,1121525,50.1,6.1,9.4,1.5,32.9,560477,50.6,2.3,8.5,1.4,37.2,42943,1.3,0.1,0,0.3,98.2,156482,30.3,0.1,2.8,1.1,65.6,88853,60.5,0.4,8.6,1.6,28.9,94183,63.9,1,12.9,2,20.2,87696,66.5,1.8,15.4,1.8,14.5,90320,70.1,11.2,10.6,0.9,7.2,561048,49.7,9.8,10.3,1.6,28.6,40412,2.2,0,0,0.5,97.3,136994,39.4,0.2,3.5,1.3,55.5,86226,66.4,1,11.3,2.3,19,94242,64.2,3,15.9,2.5,14.4,89575,63.9,8.1,17.2,1.9,8.9,113599,43.1,38.5,11.5,0.8,6.1,901867,52.9,6.7,9.5,1.4,29.6,302324,53.3,4.6,12.5,1.5,28.1,19768,49.6,1.1,10.5,3.1,35.8,2861,33.4,4.5,23.2,3.7,35.2,462798,54.5,8.8,7.8,1,27.9,101468,45.3,4.8,7.7,2.4,39.7,12648,52.9,3.7,7.4,2.9,33.1,219658,38.9,3.6,9.2,1.7,46.6,86705,40.7,3.1,9.9,2.8,43.4,279169,53.7,4.8,12.8,1.3,27.5,885602,46.7,5.5,9.9,1.5,36.4,235923,63,8.2,7.5,1.5,19.8,551655,51.4,2.4,8.6,1.4,36.3,394256,53.7,0.8,8.1,1.4,36,552879,50.4,9.9,10.5,1.6,27.5,334539,52.9,3.4,11.8,1.7,30.2,4.7
Idaho,1225510,55.9,5.2,12,1.4,25.5,610306,56.7,2.3,11,1.1,28.8,58624,0.7,0.2,0.1,0,99.1,163867,42.2,0.1,5,1.2,51.5,98110,68.6,0.7,13.4,1.8,15.4,102068,68.3,0.9,18.5,1.6,10.6,92784,74,2.2,17.2,1,5.6,94853,74.9,10.6,11.3,0.6,2.5,615204,55.2,8,13,1.6,22.3,55678,2.7,0.2,0.2,0.2,96.7,156697,51.3,0.4,6.9,2,39.5,95301,69.7,1.2,16.4,2.9,9.7,103466,69,2.6,20.1,2.2,6.2,94381,68.8,6.4,19.4,1.6,3.8,109681,49.9,35.1,12.8,0.3,1.9,1202125,56.2,5.2,12,1.4,25.2,1136317,56.7,5.3,12,1.3,24.7,6463,40,3.6,13.3,4,39.1,15339,34.8,3.7,20.1,2.5,39,16241,60.8,3.7,6.3,0.9,28.3,1621,44.2,5.6,5.2,0,45,26144,51.8,1.6,9.2,1.9,35.5,23385,40.7,4.3,11.2,2.6,41.2,117888,49.9,2.2,8.4,2.4,37,1051802,57.2,5.5,12.4,1.2,23.7,1138081,55.2,5.3,12.4,1.4,25.8,87429,66.1,3.7,7.1,1.4,21.7,597963,57.9,2.4,11.2,1.2,27.4,417240,62.1,0.8,10.4,1.1,25.6,604036,56.2,8.1,13.2,1.7,20.9,349409,56.5,2.5,15.4,1.9,23.6,2.8
Illinois,10304186,48.3,6,9.8,1.7,34.2,5005849,50.2,2.5,8.6,1.4,37.3,466397,0.5,0,0,0.1,99.4,1344206,27.4,0.1,2.7,1,68.8,852028,63.2,0.3,10.1,2,24.4,906942,65.5,1,14.5,2.2,16.8,734205,70.6,2.5,14.6,1.8,10.5,702071,70,13.4,9.7,1.2,5.7,5298337,46.5,9.3,11,2,31.2,440364,0.9,0,0,0.1,98.9,1321608,34.1,0.2,4,1.7,60,859070,63.4,0.9,12.6,3.3,19.8,935545,63.5,2.8,17,3.1,13.6,786963,62.1,8.1,18.1,2.2,9.5,954787,39.8,41.3,12.5,1,5.4,10158561,48.5,6.1,9.8,1.7,33.9,7648121,52.4,6.4,10.1,1.3,29.8,1445025,24.9,6.3,11.6,3.9,53.2,22091,42.8,4.6,12.3,3.5,36.8,496122,61,3.8,4.1,1,30.2,2569,40.7,4.3,11.2,1.3,42.5,544633,46.1,2.3,6.2,3.1,42.3,145625,32.3,2.9,8.6,2.1,54,1448276,45.6,2.7,6.5,2.7,42.4,6799808,53.1,6.9,10.5,1.1,28.3,8601242,45.5,6.2,10.5,1.6,36.3,1702944,62.6,5.2,6.4,2.4,23.5,4912807,51.1,2.5,8.7,1.5,36.1,3522540,54.9,0.9,8.5,1.5,34.3,5211312,47.3,9.5,11.1,2,30.1,3195696,48.7,2.9,12.5,2.4,33.5,3.1
Indiana,5192108,50.4,6.1,12.4,1.5,29.7,2529940,52.2,2.6,11.3,1.2,32.7,240326,0.6,0,0.1,0.1,99.3,653098,32.2,0.1,4.5,1,62.2,419265,63.1,0.4,15,2,19.4,460171,65.1,1,19.4,1.7,12.7,385787,71.6,2.4,17.3,1.3,7.4,371293,72.2,13.1,10.1,0.7,3.8,2662168,48.7,9.4,13.4,1.7,26.9,228066,1.2,0,0.1,0.1,98.6,643272,38.9,0.3,6.3,1.9,52.6,417341,63.9,1.1,17.3,3.1,14.6,469259,63.9,2.8,21.1,2.4,9.9,408793,64.4,7.7,20,1.5,6.4,495437,43,40.1,12.6,0.5,3.6,5119127,50.7,6.1,12.4,1.5,29.4,4470854,53,6.3,12.5,1.2,27,446716,27.2,5.7,13.7,3.6,49.9,12140,37.6,5.5,21.7,2.9,32.4,85923,56.8,3.1,4.4,0.8,35,1346,39.9,4.5,10.4,0.9,44.3,102148,46.5,2.1,7.3,3.2,40.9,72981,30.8,3.1,12.4,2,51.7,264792,45.2,2.2,8,2.8,41.8,4322403,53.3,6.4,12.6,1.2,26.5,4908216,50,6.2,12.7,1.4,29.7,283892,57.3,4.1,6.6,2.3,29.6,2482641,53.2,2.6,11.5,1.3,31.4,1728230,57.3,0.9,11.3,1.3,29.3,2616698,49.5,9.5,13.6,1.8,25.6,1555177,51.5,2.9,15.4,2,28,2.8
Iowa,2460813,53.4,6.4,10.7,1.3,28.3,1208672,54.8,2.6,9.9,1.1,31.6,110401,0.6,0,0.1,0,99.3,309177,33.6,0.1,4.1,0.9,61.3,183920,66.5,0.4,13.2,2.1,17.7,215032,67.3,0.9,17.5,1.5,12.8,191595,73.9,2.1,15.4,1.1,7.5,198547,74.8,12.4,7.9,0.5,4.4,1252141,52,10.1,11.4,1.5,25.1,105712,1.2,0.1,0,0.2,98.5,295259,41.8,0.2,5.6,1.8,50.6,179309,68.5,0.8,15.5,2.7,12.4,215008,69.3,2.5,18.1,1.9,8.1,193676,68.8,6.8,17.4,1.4,5.6,263177,46.3,40.1,9.6,0.4,3.7,2431653,53.6,6.5,10.7,1.3,28,2283729,54.6,6.7,10.8,1.2,26.8,65242,27.7,3.6,12.1,3.6,52.9,7064,31.5,4.1,16.2,2.7,45.5,44450,54.2,2.4,4.3,1.1,38,1055,47.2,3.5,11.8,1.3,36.1,30113,42.5,2,7.1,2.7,45.7,29160,30.4,2,10.4,2.9,54.3,101680,44.5,1.9,7.5,3.2,42.9,2218410,54.8,6.8,10.9,1.1,26.4,2333656,53.1,6.6,10.9,1.2,28.2,127157,57.5,3.2,6.1,2.7,30.6,1188154,55.7,2.7,10.1,1.1,30.4,863288,58,0.9,10.1,1.1,29.9,1231948,52.9,10.2,11.6,1.5,23.8,786852,55.7,2.8,12.9,1.7,26.9,2.6
Kansas,2262002,52.8,6,11.6,1.4,28.1,1115311,54.2,2.6,10.5,1.2,31.4,104692,0.8,0,0,0,99.1,304157,35.5,0.1,4.5,1.2,58.7,174700,66.8,0.4,14.8,2.2,15.7,195536,67.9,1,17.8,1.8,11.5,168576,73.3,2.4,16.1,1,7.2,167650,72.9,13.2,9.5,0.7,3.6,1146691,51.5,9.3,12.7,1.6,24.8,98674,1.7,0,0.1,0.1,98.1,285925,43.4,0.3,6.5,2,47.8,171476,68.5,1,15.8,2.9,11.8,198401,67.1,2.7,20.1,2.5,7.7,173613,67.3,7.3,19.2,1.2,5,218602,44.6,39.2,12.3,0.5,3.3,2210959,53.3,6.1,11.6,1.4,27.6,1962898,54.7,6.3,11.7,1.3,26,125953,31.8,5.2,14.1,3.7,45.1,18168,40.9,4.2,16,1.7,37.2,55352,58.5,3,5.1,0.9,32.5,1460,47.2,7.3,9.4,0,36.1,47128,50.5,2.9,7.4,2.7,36.5,51043,33.4,3.1,12.1,2.7,48.8,200770,48,2.3,8.3,2.9,38.5,1821670,55.2,6.6,12,1.1,25.1,2082956,52.2,6.2,12,1.3,28.2,179046,60.6,2.9,7.2,2.6,26.6,1094786,55.2,2.7,10.7,1.3,30.2,800895,58.9,0.9,10.5,1.3,28.4,1127429,52.4,9.4,12.9,1.7,23.6,708292,54.2,2.9,14.6,2,26.3,2.2
Kentucky,3512531,50.8,6.7,12.9,2.2,27.3,1710730,52.6,2.8,11.9,1.9,30.8,149829,0.9,0.1,0.1,0.1,98.9,437356,33.4,0.1,5.5,1.9,59.2,287388,62.5,0.4,15.5,3.1,18.4,311070,64,1.2,19.7,2.8,12.3,267077,71,3,17,1.9,7.2,258010,71.2,13.3,11.1,0.9,3.5,1801801,49.1,10.4,13.9,2.5,24.1,140876,2,0.1,0.1,0.1,97.8,428160,41.3,0.4,7.5,3.2,47.5,285154,63.4,1.2,18.6,4.4,12.3,321993,63.6,3.6,20.9,3.3,8.6,285753,63,9.4,19.8,2.1,5.7,339865,40.9,42.3,12.2,0.6,4,3471656,51,6.7,12.9,2.2,27.1,3129169,52.8,7,13,2.1,25.1,265740,28.7,5.4,13.2,4.1,48.6,7431,43.5,4.3,18.8,2.9,30.5,39421,61.5,2.6,5.4,0.8,29.7,1488,47,1,16.1,0.2,35.8,28407,46.1,0.8,7.3,3.2,42.6,40875,32.2,4.8,13.2,3.1,46.7,89565,45.4,1.8,8.5,3.2,41.1,3074932,52.9,7,13.1,2.1,24.8,3382450,50.5,6.8,13.2,2.2,27.2,130081,57.3,3.4,7,2.5,29.9,1680892,53.5,2.9,12.1,2,29.6,1094655,57.5,0.9,11,1.8,28.7,1773215,49.9,10.6,14.1,2.6,22.9,981900,52.8,3.2,15.3,2.6,26.1,2.6
Louisiana,3638179,44.9,6.7,11.9,2.8,33.8,1760758,47.3,2.9,10.7,2.3,36.8,160493,0.6,0,0,0.1,99.3,492126,27.8,0.1,4,1.8,66.3,280655,57.5,0.6,13.7,3.6,24.7,313690,59.5,1.4,18.1,3.4,17.6,266312,66.7,3.4,17.5,2.6,9.8,247482,68.7,14.2,10.6,1.6,4.9,1877421,42.6,10.2,13,3.2,31,154642,1.2,0.1,0.1,0.1,98.5,492213,32.1,0.3,5.6,3.4,58.5,285437,56.9,1.3,16.3,5.5,20,328122,57.2,3.9,20.8,4.6,13.4,286986,56.8,10.4,21.2,3,8.6,330021,38.3,43.6,12.3,1.2,4.6,3594931,45,6.7,11.9,2.8,33.6,2359440,52.8,6.9,11.9,2,26.3,1114016,28,6.6,12.2,4.4,48.7,22120,44.2,4.7,13.4,3.9,33.8,59152,55.4,3.9,5.2,1.3,34.3,1601,37.7,2.1,18.5,2.7,39,38602,43.2,2.4,6.4,3.7,44.3,43248,34.1,4.6,11.5,3.3,46.6,151563,44.1,3.4,8.6,3.3,40.5,2258669,53.1,7.1,12.1,1.9,25.8,3470836,44.4,6.8,12.1,2.8,34,167343,54.8,4.5,7.5,3,30.1,1730075,48.2,2.9,10.9,2.3,35.7,1154278,53.1,1.1,10.4,2.4,33.1,1847885,43.3,10.4,13.2,3.3,29.9,1049047,44.4,3.5,15.1,3.7,33.2,3
Maine,1109513,51.5,6.4,13.5,1.1,27.4,537490,53.2,2.9,12.4,1,30.5,44623,0.3,0,0,0,99.7,113080,28.7,0.1,4.1,0.7,66.4,81841,62.2,0.5,14.7,1.6,21,104641,63.6,1,20,1.5,13.9,95939,70.1,1.8,18.7,1,8.3,97366,70.6,12.8,11.2,0.5,4.9,572023,49.9,9.7,14.6,1.3,24.4,41895,0.5,0,0,0,99.5,113126,35.3,0.3,6.5,1.3,56.7,84480,63.7,0.8,18.7,2.3,14.6,109108,64.5,2.7,21.4,2.2,9.2,101159,65.5,6.4,20.2,1.2,6.7,122255,45,36.9,13.6,0.5,4,1094990,51.8,6.5,13.5,1.1,27.1,1064661,52,6.6,13.6,1.1,26.8,9848,35.9,2.4,9.5,2.4,49.8,6113,35.5,4.4,20.2,0.8,39.1,11365,59,4.4,6.7,0.8,29.1,205,54.6,1,10.7,12.2,21.5,2798,34.2,1.4,8.8,1,54.5,14523,31.6,3.7,16.4,2.3,46,12488,37.5,3.2,10,1,48.4,1056267,52.1,6.6,13.6,1.1,26.6,1067347,51.2,6.3,13.7,1.1,27.7,42166,60.6,9.2,9.9,1.3,19,528796,54.1,3,12.6,1,29.4,360337,56.7,0.9,12.1,1,29.3,564053,50.6,9.9,14.8,1.3,23.4,342729,53,2.8,16,1.4,26.8,2.4
Maryland,4722046,47.5,5.8,9.7,2.5,34.5,2258002,50.3,2.5,8.2,2.2,36.9,205428,0.6,0,0,0.1,99.3,589745,26.6,0.1,2.4,1.3,69.7,378897,62.9,0.4,9.3,2.9,24.5,430045,65.4,0.9,13.4,3.6,16.8,339379,69.9,2.3,14.5,2.9,10.5,314508,70.1,13.5,9.5,1.8,5.2,2464044,44.9,8.9,11.1,2.8,32.3,195685,0.9,0,0.1,0.2,98.9,592207,31.9,0.2,3.4,2,62.5,407005,60.9,0.9,11.3,4.7,22.3,466286,59.9,3,17.1,4.2,15.9,378697,58.8,7.9,19.1,3.2,11.1,424164,39.4,40.1,13,1.5,6.1,4629862,47.7,5.9,9.8,2.5,34.2,2837597,53.8,6.4,9.6,1.9,28.3,1361522,32.8,5.6,11.5,4,46.2,14400,39.3,5.3,11.7,5.6,38.1,270498,63.3,3.8,3.9,1.2,27.8,2147,41.5,1.3,6.2,5.6,45.4,143698,41.7,1.6,6.9,3.2,46.7,92184,35.7,2.9,8.2,2.5,50.8,357609,44.3,2.1,7,3,43.6,2656108,54.2,6.7,9.8,1.8,27.5,3948882,45.4,6.1,10.2,2.4,35.9,773164,58.3,4.3,7.2,3,27.3,2218777,51.1,2.5,8.4,2.2,35.7,1632956,55.1,0.9,8.2,2.3,33.5,2427002,45.6,9,11.3,2.8,31.3,1581677,47.1,3,12.5,3.3,34,3.7
Massachusetts,5453090,47,6,9.5,1.9,35.6,2608983,49.5,2.6,7.9,1.6,38.3,235016,0.4,0,0,0.1,99.5,669125,22.9,0.1,1.9,0.8,74.3,424630,63.6,0.3,8.2,2.3,25.6,490566,65.5,0.9,13.5,2.6,17.5,396961,69.6,2.4,14,2.1,12,392685,68.5,13.6,9.6,1.5,6.8,2844107,44.6,9,11,2.2,33.1,229498,0.6,0,0,0.1,99.3,680957,28.4,0.1,2.9,1.5,67.1,444887,63,0.8,11.9,3.8,20.5,515778,62.5,2.2,17.1,3.7,14.4,431892,60,6.8,19.3,2.6,11.4,541095,39.2,39.1,12.7,1.2,7.8,5337865,47.3,6,9.6,1.9,35.2,4469440,48.7,6.5,9.9,1.6,33.2,354179,30.4,4.2,10.4,4.6,50.5,10547,32.4,4.7,13,4.6,45.3,299823,56.3,3.1,3.7,1.2,35.7,1530,43.3,3.7,8.2,1.3,43.5,202346,32.2,2.8,8.8,5.2,51,115225,32.1,2.8,8.7,3.3,53.2,474712,32.7,2.6,9.1,5,50.6,4241205,49.5,6.7,9.9,1.4,32.4,4503887,44.9,6.1,9.9,1.7,37.4,949203,56.7,5.4,7.9,3.2,26.9,2567022,50.3,2.7,8.1,1.6,37.3,1859184,54.1,0.9,7.7,1.6,35.7,2804230,45.3,9.1,11.2,2.3,32.2,1777163,48,2.7,11.9,2.4,35,3.9
Michigan,8005788,48.8,6.2,11.5,1.5,32,3889309,50.5,2.7,10.5,1.2,35.1,368709,0.5,0,0,0.1,99.4,936385,26.7,0.1,3.3,0.8,69.2,619412,61.4,0.4,12.6,1.9,23.7,727405,63.7,1,17.5,1.8,16,627016,69.4,2.3,17,1.5,9.7,610382,70.8,13.2,10.5,0.9,4.6,4116479,47.3,9.6,12.4,1.7,29,349977,0.9,0,0.1,0.1,99,927730,34,0.2,4.8,1.6,59.4,630215,63,0.9,14.7,3,18.4,748877,63.7,2.8,18.7,2.6,12.2,664829,62.4,7.9,19.8,1.7,8.3,794851,42.7,39.4,12.8,0.7,4.4,7869383,49.1,6.3,11.5,1.5,31.7,6468771,52.9,6.4,11.5,1.1,28.1,1081802,24.9,6.3,12.7,3.6,52.5,43227,39.6,5.3,16.3,2.6,36.2,197197,61.3,3.5,3.5,0.8,30.9,1724,42.3,2.1,8.1,1.8,45.6,76662,45.4,2.6,10.2,2.8,39,136405,32.2,3.4,10.3,1.9,52.2,299910,43,2.9,9.5,2.5,42,6270495,53.2,6.5,11.6,1,27.7,7441513,47.7,6.2,11.9,1.5,32.8,564275,64.2,6.4,6.2,1.5,21.7,3816922,51.4,2.8,10.6,1.2,33.9,2521559,54.7,0.8,10.2,1.1,33.2,4048428,48.1,9.7,12.6,1.7,27.9,2342455,49.6,2.7,13.9,1.9,31.9,2.8
Minnesota,4284845,52.7,5.2,9.8,1.1,31.1,2112442,53.7,2.2,8.8,1,34.4,187654,0.5,0,0.1,0.1,99.4,549462,31.5,0,2.7,0.6,65.1,340578,65.6,0.3,10.5,1.7,21.9,397720,67.8,0.8,14.8,1.4,15.1,325507,73,1.7,14.6,1.1,9.6,311521,73.7,11.6,9,0.7,5.1,2172403,51.7,8.2,10.8,1.3,28,178800,0.8,0,0.1,0.1,99.1,532761,39.3,0.1,4.3,1.2,55.1,335225,68,0.7,13.1,2.2,16,397543,69.3,1.9,16.7,1.9,10.2,330728,67.3,6,17.5,1.1,8,397346,47.2,37,11,0.5,4.3,4217679,53.1,5.3,9.8,1.1,30.7,3756209,54.8,5.6,9.9,0.9,28.8,198761,30,3.3,11.6,3.8,51.4,41843,27.8,3.7,14.2,2.3,51.9,166540,52.5,3,5,1.7,37.8,1655,42.1,0.4,6.5,1.3,49.7,52671,41.2,1.1,6.7,4.1,46.9,67166,28.7,2.1,9.4,1.3,58.5,167431,41.7,1.6,7.4,3.2,46,3651770,55.1,5.7,10,0.8,28.4,3924482,52.4,5.3,10,1,31.3,360363,55.7,3.9,7.6,2.8,29.9,2075671,54.7,2.2,8.9,1,33.2,1542744,56.8,0.7,8.6,1,32.9,2137066,52.6,8.3,11,1.3,26.8,1418732,54.3,2.2,12,1.4,30.1,2.5
Mississippi,2355019,45.6,7,11.8,3.1,32.5,1127398,48.4,2.9,11,2.7,35.1,110234,0.7,0,0,0.1,99.2,300498,28.8,0.1,4.6,2.1,64.4,182557,58.3,0.6,14.7,3.9,22.4,197068,61,1.6,18,3.7,15.6,170394,67.4,3.3,17.6,3.4,8.4,166647,70,13.2,10.3,2.1,4.4,1227621,43,10.8,12.5,3.5,30.1,107979,1.5,0,0.1,0.1,98.3,304666,33.8,0.3,6.4,3.5,55.9,191954,55.5,1.4,16.1,5.9,21.1,210412,57.2,3.8,20.1,5.1,13.8,186424,57.9,10.7,19.7,3.7,8,226186,39.1,44.8,10.7,1.5,3.9,2336187,45.7,7,11.8,3.1,32.5,1447868,55.5,7.4,12.2,1.9,22.9,837549,28.3,6.6,11.2,5.2,48.8,9457,36.2,4,14.8,4.1,40.9,22273,58.1,3.3,6,1.3,31.3,231,46.3,8.7,6.1,13,26,18809,49.2,1.2,7.3,2.9,39.4,18832,36.2,6,13.4,4.6,39.8,57938,46.7,2.2,8.6,3.1,39.4,1413726,55.7,7.5,12.3,1.9,22.5,2292470,45.2,7.1,11.9,3.1,32.6,62549,58.2,3.8,6.7,2.3,29.1,1106601,49.3,2.9,11.2,2.7,33.9,698332,55.3,1.1,10.8,2.6,30.3,1206358,43.8,11,12.7,3.6,28.9,657355,46.8,3.5,14.7,4,30.9,3
Missouri,4836868,50.3,6.4,12,1.9,29.3,2343905,52.3,2.7,11,1.7,32.3,211727,0.7,0,0,0.1,99.2,603108,32.3,0.1,4.7,1.4,61.6,367959,62.6,0.4,14,2.6,20.4,429048,64.3,1.1,18.5,2.6,13.5,358966,70.6,2.5,17.3,1.9,7.7,373097,72.3,12.9,10,1,3.8,2492963,48.5,9.9,12.9,2.2,26.6,202228,1.3,0,0,0.1,98.6,601376,38.9,0.3,5.7,2.5,52.6,373235,63.4,1.1,16.3,3.8,15.4,440043,63.1,3.1,20.3,3.1,10.5,387140,63.4,8.4,19.6,2,6.6,488941,43.4,39.8,12.3,0.7,3.8,4757670,50.6,6.5,12,1.9,29.1,4077124,53.7,6.7,12,1.6,26.1,533090,26.4,5.9,13.1,4.3,50.4,19047,43.3,4.7,18.2,3.4,30.3,80161,58.3,2.9,4.9,1,32.9,4379,47.6,3,12.3,2.2,34.9,43869,48.8,1.6,7.4,3.3,38.9,79198,34.2,3.9,12.2,3.2,46.6,147935,46,2.5,8.1,3.3,40.1,3983985,53.8,6.8,12.1,1.6,25.8,4620466,49.9,6.5,12.2,1.9,29.5,216402,59.9,4.4,6.6,2.4,26.7,2303139,53.2,2.8,11.2,1.7,31.1,1583900,56.3,0.9,10.7,1.7,30.4,2452731,49.3,10,13.1,2.2,25.4,1475314,50.8,3.2,14.5,2.5,29,2.7
Montana,813759,52.5,6.2,12.4,1.3,27.6,406747,53,2.7,11.7,1.3,31.4,34608,0.7,0,0,0,99.3,100302,31.1,0.1,4.4,0.9,63.5,57292,63.3,0.5,15,1.8,19.3,71289,65,0.8,18.7,2,13.5,71827,70,2.5,17.7,1.5,8.3,71429,71.5,11.4,12.1,0.9,4,407012,52,9.7,13,1.4,23.9,31585,1.2,0.1,0.1,0.2,98.5,93221,41,0.3,6.3,1.5,51,56160,67.2,1.6,15.6,2.9,12.7,72638,67.6,3.2,19,2,8.2,71876,67.3,7.2,19.4,1.2,4.9,81532,46.4,37.6,13,0.5,2.4,799439,52.8,6.2,12.4,1.3,27.3,740496,53.9,6.3,12.5,1.3,26,3010,35.3,1.3,13.5,2.9,47,45546,36.2,5.5,11.6,2.3,44.4,5396,53.5,4.7,5.2,0.4,36.2,587,41.2,0,5.1,6,47.7,4404,43,6.8,9.4,3.2,37.6,14320,35.6,4.4,12.1,1.9,46,20889,40.7,4.2,12.3,2,40.7,726547,54.2,6.3,12.5,1.3,25.8,795245,52.3,6.1,12.4,1.4,27.7,18514,59.7,8.2,9.2,0.7,22.2,400144,53.8,2.7,11.9,1.3,30.2,275179,56.5,0.9,11.4,1.2,30,401055,52.8,9.8,13.2,1.4,22.8,243117,54.3,3.2,14.7,1.7,26.1,2.8
Nebraska,1456037,53.4,5.9,10.3,1.3,29,716711,54.6,2.4,9.4,1.2,32.3,65685,0.6,0,0.1,0.1,99.3,193907,34.6,0.1,4,1.1,60.2,112209,67.9,0.3,11.7,2.1,18,126350,68.5,0.9,16.2,1.9,12.4,108720,74.1,2,14.9,1,8,109840,73.6,12.6,8.5,0.6,4.7,739326,52.2,9.2,11.3,1.5,25.8,63054,1.3,0.1,0.1,0.1,98.5,185523,42.6,0.3,5.8,1.8,49.5,109432,69.6,0.7,15,2.5,12.2,126700,68.3,2.2,18.1,2.1,9.3,111872,68.6,7,17.1,1.1,6.3,142745,46.7,39.5,9.9,0.5,3.4,1434955,53.7,5.9,10.3,1.3,28.7,1306170,55.1,6.2,10.4,1.2,27.1,61480,28.4,4.3,12.2,3.3,51.9,11382,29.9,5.4,14.3,3.3,47.1,26741,58.4,2.5,4.3,0.8,34,958,55.4,0,9,0.8,34.8,28224,49,1.1,8.4,3.7,37.9,21082,31.8,2.8,10.4,2.5,52.5,112162,47.1,2,7.8,3.3,39.8,1228999,55.6,6.4,10.5,1.1,26.4,1348003,52.9,6.1,10.6,1.2,29.1,108034,59.1,3,6.3,3.1,28.5,703643,55.6,2.5,9.5,1.2,31.1,531992,58.3,0.8,9.3,1.3,30.3,727785,53,9.4,11.5,1.5,24.7,479289,55.2,2.7,12.8,1.7,27.7,2.4
Nevada,2179160,47,5.2,13.9,2.5,31.5,1095227,47.4,2.5,12.9,2.1,35.2,91945,0.9,0,0.1,0.1,98.9,293806,30.2,0.2,4.4,1.6,63.7,195687,56.6,0.5,14.7,3,25.3,192183,58.2,1.4,20.3,3.3,16.9,158619,63.2,2.4,21.5,2.4,10.4,162987,65.6,12,15.9,1.2,5.3,1083933,46.5,7.9,14.9,2.9,27.8,86749,1.8,0,0.1,0.4,97.7,279614,38.5,0.2,6.4,2.7,52.3,186140,59.7,1.1,16.7,4.7,17.7,184363,58.6,3.3,22.3,4.4,11.4,164992,58.4,8.4,23.8,2.8,6.6,182075,43.6,34.5,17.7,1.2,3,2115596,47.3,5.2,13.9,2.5,31,1588788,48.6,5.6,14.7,2.2,28.8,174642,31.2,5,14.8,4.3,44.7,23131,35.8,4.9,16.5,2.3,40.5,170855,54.3,4.9,9.8,2.1,28.9,13151,45.1,5,11.1,2.3,36.5,145029,46.3,2,8.3,3.4,40,63564,35.5,2.8,13,2.5,46.2,512371,45.4,2.5,9,3.6,39.5,1246008,49.4,6.4,16.3,1.9,26,1677592,43.6,5.4,15,2.2,33.9,501568,58.4,4.4,10.2,3.5,23.5,1077348,48.2,2.5,13.1,2.1,34.1,767065,50.6,1,12.4,2.2,33.8,1066193,47.3,8,15.2,2.9,26.6,647155,46.5,3.1,17.2,3.4,29.8,3.1
New Hampshire,1092075,53,5.5,11.8,1.3,28.4,534835,54.7,2.4,10.6,1.1,31.3,47344,0.4,0,0,0.1,99.5,117671,27.5,0,3,0.5,69,85001,66,0.3,12.4,1.7,19.6,110218,69,1,16.6,1.8,11.6,91242,73.1,2.2,16.9,1.1,6.7,83359,73,11.3,10.7,0.8,4.2,557240,51.4,8.5,13,1.4,25.7,46414,0.8,0,0,0.1,99.1,114477,34.9,0.1,5.4,1.4,58.2,87457,69,1,15,2.3,12.7,111982,68,2.4,19.2,2.1,8.3,93187,66.8,5.9,19.5,1.6,6.1,103723,45.4,36.9,13,0.5,4.3,1079110,53.1,5.6,11.8,1.2,28.2,1035750,53.1,5.7,12,1.2,28,11938,39.4,2.3,10,3.9,44.5,2120,40.8,5.5,20.7,2.8,30.2,22836,64.7,3.1,3.4,1,27.8,173,71.1,0,4,0,24.9,6293,43,0.9,11.2,2.1,42.8,12965,39.9,4.1,11.5,1.8,42.7,27185,41.7,2.6,9.3,2.7,43.8,1016370,53.3,5.7,12.1,1.2,27.7,1024678,52.2,5.5,12.1,1.2,29,67397,64.4,5.9,8.2,2,19.5,526163,55.5,2.4,10.8,1.1,30.1,388987,58.2,0.9,10.6,1.1,29.2,548314,52.2,8.7,13.2,1.5,24.5,354868,54.3,2.7,14.8,1.7,26.5,2.5
New Jersey,7149995,49.6,6.4,8.5,2,33.5,3445085,52.1,2.7,6.9,1.6,36.8,305860,0.5,0.1,0,0.1,99.4,846865,25.2,0.1,1.6,0.8,72.3,597695,65.1,0.3,7,2.3,25.2,667786,68.7,0.9,11.3,2.4,16.6,515277,72,2.4,12.1,2.2,11.3,511602,70.4,13.8,8.5,1.4,5.9,3704910,47.3,9.9,10,2.3,30.6,287533,0.7,0.1,0,0.1,99.2,824783,33.2,0.2,2.7,1.7,62.3,618834,65.2,0.8,9.8,3.6,20.6,701197,64.4,2.7,15.2,3.5,14.1,562933,61.5,8,17.2,2.7,10.7,709630,38.5,42,11.7,1.2,6.6,7015137,49.8,6.5,8.5,2,33.3,5042632,52.5,7.2,8.9,1.6,29.8,947840,30.1,6,9.9,3.7,50.4,15757,40,5.2,9.4,4.4,41,605694,66.3,3.7,3.1,0.8,26.2,2072,56.7,2.9,4.6,0,35.8,401142,38.7,2.5,7.9,4,47,134858,37.3,3,8.4,2.9,48.4,1205221,40.6,3.3,8.5,3.8,43.7,4332558,54.1,7.8,8.9,1.3,28,5357017,46.2,6.8,8.9,1.7,36.4,1792978,59.8,5.3,7.1,2.7,25,3383362,53,2.7,7,1.7,35.6,2456439,57.4,0.9,7,1.7,33.1,3645433,48,10.1,10.1,2.3,29.4,2221227,50,3.3,11.6,2.8,32.3,3.3
New Mexico,1641702,46.5,5.8,12.9,1.9,32.9,805870,48.4,2.8,11.4,1.4,36,74858,1,0,0.1,0.1,98.9,215234,30.4,0.2,4.3,1.2,63.8,123168,56.4,0.5,14.6,2,26.6,138110,60,1.3,17.8,2.1,18.8,125505,65.2,2.7,19.1,1.7,11.2,128995,69.4,12.6,12.4,1.1,4.6,835832,44.8,8.8,14.3,2.3,29.8,71561,2.4,0,0.1,0.1,97.4,203644,35.7,0.4,6,2.5,55.4,124104,56.5,1,17.2,4.4,20.9,144265,57.9,3.3,21.6,3.1,14.1,136134,58.2,8,22.5,2.1,9.3,156124,43,35.7,15.3,0.9,5.2,1602607,46.8,5.9,12.9,1.9,32.5,1224510,49.4,6.2,13.7,1.8,28.9,32451,32.3,4.9,13.9,2.9,46,142705,30.6,5.3,8.4,2.1,53.6,23169,53.6,4.4,8.1,1.2,32.7,1201,48.3,2.7,8.8,0,40.2,178571,43.4,4.6,11.7,2.5,37.8,39095,36.3,3.9,11.5,1.9,46.4,713857,43.7,4.9,11.6,2.4,37.4,719070,53,7,15.1,1.3,23.6,1449118,44.8,5.9,13.4,1.7,34.2,192584,60,5.2,8.5,3.2,23,791153,49.3,2.8,11.6,1.5,34.8,519105,52.7,1,11.1,1.5,33.8,821577,45.6,8.9,14.5,2.3,28.6,460460,45.2,3.2,16.9,2.9,31.8,3.1
New York,15966726,45,6.2,8.6,2.7,37.5,7642287,47.6,2.6,7.2,2.2,40.5,682299,0.6,0,0,0.1,99.3,2060956,23.1,0.1,1.7,1,74.2,1264085,59.4,0.4,7.7,3,29.6,1386899,64,0.9,12,3.4,19.7,1123618,68.1,2.4,13,3.2,13.3,1124430,67.2,13.6,9.1,2.2,7.9,8324439,42.6,9.5,9.9,3.2,34.8,652406,0.9,0,0,0.1,98.9,2076461,28.9,0.2,2.6,1.9,66.4,1312818,59.3,0.9,10.4,4.9,24.6,1469504,59.5,2.9,15.5,5.4,16.6,1242297,56.9,8.3,17.8,4.1,12.9,1570953,36.9,40.2,11.8,2.1,9.1,15637882,45.2,6.3,8.6,2.7,37.2,10680477,49.1,6.9,9,2,33,2433459,28.3,6,9.2,4.9,51.6,57611,34.5,5.6,11.9,4.3,43.8,1233092,56.6,4.1,4.1,1.4,33.8,5815,44.2,3.3,5,3.6,43.8,1227428,34.8,3.3,8.4,5.4,48.1,328844,32.5,3.8,8.5,3.6,51.7,2669001,35.6,3.9,8.9,4.8,46.8,9502802,50.3,7.2,9,1.8,31.7,11803917,41.9,6.3,8.8,2.3,40.8,4162809,53.7,6.1,8.1,3.9,28.2,7513744,48.4,2.6,7.3,2.2,39.4,5181765,52.4,0.9,7.1,2.2,37.4,8203539,43.2,9.7,10,3.3,33.8,4827422,45.2,3,11.2,3.7,36.8,4.3
North Carolina,7748502,49.6,6.3,10.6,3.1,30.3,3730668,52,2.5,9.3,2.8,33.4,338054,1,0,0,0.1,99,969222,31.3,0.1,3.4,2.1,63.2,649942,63,0.4,11.3,4.1,21.2,664438,64.4,1.1,15.7,4.3,14.5,555325,70.9,2.8,15.1,3,8.2,553687,72.9,12.4,9.2,1.8,3.6,4017834,47.4,9.8,11.8,3.5,27.5,319057,1.9,0,0.1,0.1,97.9,967459,37.6,0.3,4.6,3.5,54.1,672110,61.1,1.1,14,6.1,17.7,700860,61.6,3.4,18.6,4.9,11.5,616875,61.4,8.9,19.3,3.4,7,741473,42.5,40.8,11.7,1.3,3.7,7629968,49.9,6.3,10.6,3.1,30.1,5541565,55.3,6.6,10.6,2.6,25,1624832,31.3,6.5,11.8,5,45.4,87505,39,6.2,12.4,4.7,37.7,172815,62.4,3.2,4.2,1.1,29.1,4086,48.7,3.1,12.5,2.3,33.4,199165,45.5,1.2,4.7,3.9,44.6,118534,33.7,3.4,10.5,3.2,49.3,544585,47.3,1.7,5.5,3.7,41.8,5231378,55.6,6.8,10.9,2.5,24.1,7064532,48.8,6.6,11.1,3.1,30.4,683970,58.1,3.2,5.6,3,30.1,3664306,53,2.6,9.4,2.8,32.2,2534413,56.6,0.8,9.1,2.9,30.6,3957924,48.1,9.9,12,3.5,26.4,2315727,49.7,3.1,13.6,4.2,29.4,2.7
North Dakota,561346,52.8,6.1,9.2,0.9,31.1,284232,52.6,2.3,8.9,0.8,35.4,24925,1,0,0,0.3,98.7,84472,31.9,0.1,3.1,0.5,64.3,39969,66.1,0.2,12.2,1.2,20.2,47768,66,1.1,16.6,1.2,15.1,43621,73.9,1.7,14.1,1,9.2,43477,73.6,11.9,8.2,0.5,5.7,277114,52.9,9.9,9.6,0.9,26.6,23006,1.5,0,0.2,0,98.3,73192,42.3,0,4.9,1,51.8,36747,70.2,1,13.1,1.9,13.7,46801,72.8,1.9,16.6,1.4,7.3,41595,71.8,6.5,14.6,0.8,6.3,55773,45.9,42.2,8,0.2,3.6,553841,53.1,6.1,9.3,0.8,30.7,511710,54.3,6.4,9.2,0.7,29.3,6828,37.6,1.7,4.5,4.8,51.4,25349,31.8,4,13.2,2.1,48.8,6277,52.2,1,4.7,0.7,41.4,277,69.7,0,3.2,0,27.1,3400,55.3,0.2,7.3,0.2,36.9,7505,27.9,2.5,7.8,1.8,60.1,10650,46.5,0.9,7.4,1.2,44,505703,54.4,6.5,9.2,0.7,29.2,544644,52.6,6.2,9.4,0.8,31,16702,57.1,3.5,4,1.4,33.9,280250,53.3,2.4,9,0.8,34.5,210100,55.3,0.8,9.1,0.8,33.9,272776,53.8,10.1,9.8,0.9,25.4,179569,56.1,2.7,11.3,1.1,28.8,2.3
Ohio,9330914,48.8,6.6,12,1.8,30.8,4508127,50.9,2.9,10.8,1.6,33.8,414086,0.4,0,0,0.1,99.4,1102350,28.8,0.1,3.6,1.2,66.3,723050,61.4,0.4,13.6,2.7,21.9,834828,63.4,1.1,18.1,2.4,15,723813,69,2.5,17.5,1.9,9.1,710000,70.6,14,10.2,0.9,4.4,4822787,46.9,10,13.1,2,28,393931,0.8,0,0,0.1,99,1101800,35,0.2,5.4,2.3,57.1,733862,62,0.9,16.2,3.9,17,864954,62.8,2.9,19.8,3,11.6,771594,62,8.1,20.4,1.8,7.8,956646,41.4,40.4,13,0.6,4.6,9195651,49.1,6.6,12,1.8,30.5,7864818,52.1,6.8,11.9,1.6,27.6,1083242,25.9,6,14,3.8,50.3,17681,39.3,5.6,19.1,3.5,32.6,161380,61.8,3,4.3,1,29.9,1906,48.8,7.2,14,2.7,27.2,66624,40.7,2.3,10.4,3,43.6,135263,30.2,3.6,11.1,2.6,52.4,247487,41,2.8,10,2.8,43.4,7706789,52.3,6.9,11.9,1.5,27.3,8899810,48.2,6.6,12.2,1.8,31.1,431104,61.1,5.9,7.2,1.9,23.9,4425322,51.8,2.9,11,1.7,32.5,3035785,55.2,0.9,10.6,1.7,31.6,4745162,47.6,10.2,13.3,2.1,26.8,2823731,49.6,2.9,14.6,2.3,30.6,2.5
Oklahoma,3002447,51.1,6.6,13.1,2.2,27,1473349,52.5,3,12.1,1.8,30.6,134907,1.2,0,0.1,0,98.7,403277,35.9,0.1,5.8,1.9,56.2,233759,61.8,0.5,16.6,3.2,17.9,253928,64.6,1.6,20,2.5,11.3,218501,70.6,3.1,18.3,1.5,6.5,228977,71.7,13.5,11.1,0.9,2.8,1529098,49.9,10.1,14,2.5,23.6,125936,2.6,0,0.2,0.2,97,386848,44.3,0.4,7.6,3.4,44.3,230921,63.7,1.5,18.2,4.1,12.4,259320,63.5,3.8,21.4,3.3,8,233436,63,9.2,21.1,2.1,4.6,292637,44,40.2,12.9,0.6,2.3,2816720,51.9,6.7,13.1,2.1,26.3,2285052,54.5,7.1,13.1,1.9,23.4,210289,30.1,5.7,14.2,3.9,46.2,195215,43.6,5.2,14.9,2.7,33.5,55336,57,3.8,5,1.2,33,3106,51.4,3.8,8.1,0.8,36,67722,49.5,2.3,8.3,4.1,35.8,185727,39.9,4.9,13.6,3,38.6,225152,48.9,2.3,8.1,3.4,37.4,2152076,54.8,7.4,13.5,1.8,22.6,2806140,50.5,6.8,13.6,2.1,27.1,196307,60.8,3.6,6.4,2.9,26.3,1446917,53.4,3,12.3,1.9,29.4,988462,57.7,1.1,11.6,1.9,27.7,1503866,50.7,10.2,14.3,2.5,22.3,845904,52,3.6,16.3,2.9,25.1,2.7
Oregon,3154542,50.2,5.5,12.9,1.8,29.5,1548663,51.5,2.5,11.5,1.6,32.9,129066,0.7,0,0.1,0.2,99.1,398282,30.3,0.1,4.2,1.4,64,256045,61.9,0.3,13.3,2.4,22.1,261094,62.7,1,18.5,2.8,15,252955,69,2.3,18.6,1.4,8.7,251221,71.3,11.7,12.7,0.9,3.5,1605879,48.9,8.4,14.4,2,26.3,121887,1.2,0,0.1,0.1,98.6,390204,38.3,0.2,5.9,2.2,53.3,248473,63.6,0.9,16,3.3,16.2,268105,63.4,2.5,21,3,10.1,268358,62.9,6.4,22.4,1.9,6.3,308852,44.7,35,16.5,0.7,3.1,3061653,50.7,5.6,13,1.8,29,2738132,51,5.9,13.4,1.7,28,54056,30.4,3.8,15.9,3.2,46.7,36682,38.6,4.5,15.6,3.1,38.2,121109,56.8,4,6,1.4,31.9,10839,50.3,3.1,6.7,2.7,37.3,100835,48.1,1.6,6.5,4.7,39.1,92889,34.2,3.1,12.5,2.6,47.7,306880,45.8,1.8,7.4,3.7,41.2,2554754,51.4,6.2,13.8,1.6,27.1,2796052,48.9,5.7,13.7,1.6,30.1,358490,60.3,4.3,7.2,3.2,25,1523003,52.3,2.6,11.7,1.6,31.8,1034513,55.1,0.8,10.9,1.7,31.4,1583023,49.6,8.5,14.6,2,25.2,926774,50.3,2.5,15.8,2.4,29.1,2.9
Pennsylvania,10473699,48.7,7.2,9.3,2.2,32.7,5057367,50.9,3.1,8.3,1.9,35.7,453052,0.5,0,0,0.1,99.4,1222599,25.6,0.1,2.3,1.2,70.8,787115,62.4,0.4,9.5,3,24.7,935571,64.9,1,14.1,3.2,16.8,812062,70.6,2.5,13.8,2.3,10.8,846968,69.4,14.5,8.7,1.3,6.1,5416332,46.6,11,10.2,2.4,29.8,434303,0.6,0,0,0.1,99.3,1201926,31.9,0.2,3.4,2,62.4,795940,63.4,0.9,11.8,4.4,19.4,967027,64.1,2.9,16,4,13.1,859303,63.2,8.1,16.7,2.5,9.5,1157833,40.5,42,10.3,0.9,6.3,10341083,48.9,7.2,9.3,2.2,32.4,8771515,52,7.5,9.4,1.9,29.3,1080063,24.8,6.4,10.1,4.5,54.2,16541,37.4,5.6,13.1,5,38.9,292473,57.9,3.8,3.5,1.2,33.6,2911,30.9,3.7,10.1,4.2,51.1,177580,31.7,2.7,8.3,4.7,52.6,132616,29.7,3.4,8.5,2.9,55.4,525554,35.6,3,8,4.4,49.1,8481472,52.4,7.7,9.5,1.8,28.7,9758434,47.9,7.2,9.5,2.2,33.2,715265,59.2,6,6.6,2.8,25.5,4973646,51.8,3.1,8.5,2,34.7,3389868,55.9,1,8.2,2,33,5336758,47.3,11.1,10.3,2.5,28.8,3113893,50.2,3.2,11.6,2.8,32.1,3.4
Rhode Island,872638,45.1,6.6,11,1.9,35.4,416678,47.6,2.7,9.5,1.5,38.8,38976,0.4,0,0,0,99.5,106456,22,0,2.3,0.8,74.9,65041,59.6,0.4,10.2,2.5,27.3,76937,62,0.7,17.2,2.4,17.8,64624,68.5,1.8,15.9,2.1,11.7,64644,68,14.1,10.6,1.2,6.1,455960,42.8,10.3,12.4,2.2,32.3,39048,0.7,0,0,0,99.3,105566,27.7,0.2,3.1,1.9,67.1,68261,59.6,1,15.4,3.5,20.5,82488,60.3,2.7,20.1,3.4,13.6,69683,59,7.1,21.6,3,9.3,90914,37.4,42.6,12.2,1,6.7,855695,45.4,6.7,11,1.9,35,727019,47.3,7.2,11.5,1.5,32.4,50355,29.7,4.6,8.6,4.5,52.5,3467,23.9,9.1,15.3,2.9,48.9,26463,44.2,3.8,4.7,1.3,45.9,292,33.9,0,0,0,66.1,48099,34.3,2.6,9.7,4.7,48.7,16943,29.8,3.6,9,2.6,55,96298,35.2,2.5,9.6,5,47.7,685202,47.8,7.5,11.6,1.3,31.8,740430,43.8,6.6,11.3,1.6,36.7,132208,52.1,6.6,9.3,3.7,28.3,409681,48.4,2.7,9.6,1.6,37.7,290137,51.7,0.7,9.4,1.4,36.8,449704,43.4,10.4,12.6,2.3,31.4,279038,46.4,2.8,13.6,2.5,34.7,3.5
South Carolina,3781806,47.9,6.8,10.4,3.4,31.5,1819876,50.3,2.9,9.4,2.9,34.5,165949,0.8,0,0,0.1,99,471227,28.4,0.2,3.3,1.9,66.3,294672,59.7,0.5,12,4.9,22.9,316102,62.3,1.3,15.9,4.7,15.8,281679,69.3,3.4,15.5,3.6,8.3,290247,73.2,12.6,8.7,1.8,3.7,1961930,45.7,10.5,11.3,3.8,28.7,155591,1.2,0,0,0.2,98.6,469641,33.8,0.3,4.5,3.4,58.1,304669,58.2,1.5,14.2,6.8,19.3,338989,60,3.8,18.4,5.8,11.9,317072,61.1,10.1,17.7,3.7,7.3,375968,43.1,41.1,10.4,1.5,3.8,3737117,48.1,6.9,10.4,3.4,31.3,2606429,55,6.8,10.7,2.4,25,1014566,29.9,7.4,10.1,5.7,47,12134,41.7,6.1,13.1,5.9,33.3,49697,60.7,4.3,4.9,1.7,28.5,1483,43.2,1.8,13.7,0.8,40.5,52808,47.4,1.3,5.1,4.8,41.4,44689,32.8,4,9.7,3.2,50.2,166603,47.3,1.9,5.8,4,40.9,2502883,55.3,7,10.9,2.4,24.4,3569797,47.3,7,10.6,3.4,31.7,212009,59.2,4.1,6.1,3.2,27.4,1788224,51.2,2.9,9.5,3,33.4,1187087,54.5,1.1,9.1,3,32.4,1932476,46.4,10.6,11.5,3.8,27.6,1108568,47.3,3.6,13.1,4.5,31.5,3.5
South Dakota,654528,52.5,6.1,10.7,1.3,29.4,326286,53,2.6,10.3,1.2,32.9,29628,0.6,0,0.1,0.1,99.2,86357,33.8,0.1,4.7,1,60.5,48193,63.4,0.3,12.5,2.3,21.5,57462,66.6,0.7,17.2,1.8,13.8,51765,71.3,2.1,16.5,1.2,8.9,52881,71.3,12.7,9.9,0.4,5.7,328242,52,9.7,11,1.3,26,28223,0.9,0,0,0.2,98.9,79786,42.5,0.4,6,1.5,49.6,45774,66.2,1,16.4,3.1,13.3,56747,69.7,2.3,16.8,1.9,9.3,51117,70,6.2,16.3,0.9,6.6,66595,46.5,39.7,9,0.3,4.4,644200,52.9,6.2,10.6,1.2,29.1,575987,55.4,6.5,10.4,1,26.7,7928,38.9,3.3,9.8,3,45,48117,24.8,4.4,14.8,3.2,52.7,6645,54.2,2.2,4.9,1.3,37.5,218,63.8,8.3,2.3,0,25.7,5305,50.5,0.5,5.3,6.7,37,10328,28.5,3.6,14.2,1.7,52,16012,40.8,1.7,8.9,5.1,43.5,567336,55.7,6.5,10.4,1,26.5,633774,52.4,6.2,10.8,1.2,29.4,20754,55.3,3.4,7.2,3.6,30.5,320094,54,2.6,10.5,1.2,31.6,234134,57.2,0.8,10,1.1,30.9,323283,52.8,9.8,11.2,1.4,24.8,210077,55.7,3,12.7,1.6,27,2.1
Tennessee,5163680,50.1,6.5,12.7,2.3,28.4,2488361,52.3,2.7,11.7,2,31.3,219159,0.8,0,0,0.1,99,633200,32.2,0.1,5.1,1.9,60.6,421952,62.5,0.4,15,3.1,19,445646,63.9,1.2,19,2.7,13.2,384562,69.7,2.8,18.1,2.1,7.4,383842,72.4,12.8,10.5,1.1,3.2,2675319,48,10.1,13.6,2.6,25.6,209042,1.8,0,0.1,0.1,97.9,641648,39.2,0.3,6.7,3.1,50.7,429585,62.2,1.2,17,4.7,14.9,469883,61.7,3.9,21.1,3.5,9.8,421067,61.4,9.6,20.4,2.3,6.3,504094,42.5,40.6,12.5,0.9,3.4,5100487,50.2,6.6,12.7,2.3,28.2,4117336,54.7,6.8,13,1.8,23.7,827194,27.6,6,12.5,4.8,49.1,13585,45.3,6.9,15.1,2.8,29.9,76039,61.6,3.7,4.7,1.1,29.1,2295,55.3,1.4,6.9,6.8,29.6,64038,47.3,1.3,5,4,42.4,63193,35.4,4.9,14.9,2.7,42.1,199336,48.7,1.9,6.6,3.2,39.6,3992915,54.8,7,13.1,1.8,23.3,4889198,49.5,6.7,13.1,2.3,28.4,274482,59.9,3.3,6,2.5,28.4,2444387,53.2,2.8,11.9,2,30.1,1647220,56.9,0.9,11.4,2,28.8,2634046,48.8,10.3,13.9,2.7,24.4,1493445,50.3,3.4,15.7,3,27.6,2.8
Texas,19843578,50,5.2,10.8,2.7,31.2,9769112,51.7,2.2,9.4,2.2,34.5,970767,1.1,0,0,0.1,98.7,2834509,33.8,0.1,3.9,1.8,60.4,1750437,65.2,0.4,11.6,3.3,19.5,1704094,66.8,1.1,15.8,3.1,13.3,1309517,71.5,2.6,16,2.6,7.4,1199788,72.3,12.5,10.2,1.5,3.4,10074466,48.3,8.2,12.2,3.2,28,913780,2.5,0,0.1,0.1,97.2,2734518,40.8,0.3,5.7,3.5,49.6,1760543,63.9,1.2,14.7,5.1,15.1,1731002,63.3,3.4,19.1,4.5,9.8,1398065,61.5,9,20.1,3,6.3,1536558,42.4,39.4,13.3,1.4,3.6,19493839,50.2,5.3,10.8,2.7,31,14934298,52.6,5.5,11,2.4,28.4,2333152,32.6,5.5,13.1,4.5,44.3,100701,46.9,4.2,12.8,3.5,32.6,809835,62.6,3.3,4.6,1.1,28.3,16077,47.4,3.6,10.8,2.7,35.5,1299776,46.6,3.2,7.8,4.1,38.3,349739,39.3,3.3,11.1,2.8,43.4,6870440,47.5,3.7,8.3,3.9,36.6,9577207,55.2,6.4,12.5,1.6,24.3,15872962,47,5.5,11.9,2.5,33.2,3970616,61.9,4.3,6.6,3.8,23.4,9577586,52.7,2.2,9.5,2.2,33.2,6918782,57.4,0.8,9.2,2.2,30.4,9890550,49.2,8.3,12.5,3.3,26.7,5772249,49,3,14.9,3.9,29.1,3
Utah,2066020,56.6,3.8,9.2,1.6,28.9,1030352,57.2,1.7,8.2,1.3,31.8,112039,1,0,0,0.1,98.8,344752,45.8,0.1,4.5,1.2,48.4,177588,72.6,0.3,10.9,1.9,14.3,152915,73.5,1,14,1.9,9.5,124113,77.2,2.1,13.6,1.3,5.8,118945,78,10.1,8.9,0.7,2.3,1035668,56,5.9,10.2,1.9,26.1,108561,2.1,0,0.1,0.1,97.7,332862,54.5,0.2,5.5,2.2,37.6,170372,71.6,0.9,13.4,3.2,10.9,153145,71.7,2.3,16,2.7,7.3,128260,70.4,6.5,17,1.2,4.9,142468,51.9,32.6,12.6,0.6,2.4,2031368,56.9,3.8,9.2,1.6,28.6,1845515,57.7,3.9,9.4,1.4,27.6,20608,34.3,3.8,10.2,2.8,49,23364,36.8,3.4,8.9,3,47.9,47328,57.6,3.8,5.1,1.2,32.2,17587,55.9,2.4,4.7,2.3,34.6,76966,49.6,2.3,7.3,3.5,37.4,34652,37.7,1.7,8.6,1.9,50.1,242649,49.9,2.2,7.5,3.3,37.1,1691795,58.3,4,9.6,1.3,26.8,1849050,55.9,3.8,9.5,1.4,29.4,216970,62.1,3.6,6.5,2.8,25,1006924,58.5,1.7,8.3,1.3,30.2,772612,62.3,0.6,7.9,1.3,27.9,1014215,57.2,6,10.4,1.9,24.6,609753,54.6,1.9,12.4,2.4,28.7,2.3
Vermont,523463,50.5,5.5,11.9,1.3,30.7,255692,51.6,2.3,10.8,1.1,34.1,23432,0.4,0,0,0,99.6,57932,23.7,0.1,2.9,0.6,72.7,38018,63.1,0.2,12.3,1.9,22.5,48328,65.5,0.6,17.9,1.9,14.3,45439,71.2,1.7,17.2,1.2,8.7,42543,70.8,11.4,11.5,0.9,5.4,267771,49.5,8.5,13,1.4,27.5,22226,0.5,0,0,0.1,99.4,56733,31.4,0.1,5,1.2,62.3,38599,68,0.7,14.8,2.7,13.8,50795,66,2.4,19.3,2.5,9.9,46883,66.3,6,19.8,1,7,52535,45.5,35.2,13.7,0.6,5,515964,50.7,5.5,11.9,1.3,30.5,501568,51,5.6,12,1.3,30.1,4827,29.9,5.1,8.5,3.4,53.2,1563,34.4,6.8,18.3,2,38.5,6498,51.4,2.2,5.8,1.1,39.5,102,14.7,0,0,0,85.3,1406,40.5,5.2,9.7,1.8,42.8,7499,38,3.5,13.2,1.1,44.1,7370,37.7,3.5,9.3,2.3,47.2,496179,51.1,5.6,12.1,1.2,30,499496,50.1,5.4,12.1,1.3,31.1,23967,60.5,7.7,8.2,1.8,21.8,251716,52.4,2.4,11,1.2,33,178857,55.3,0.7,10.9,1.1,31.9,263768,50.3,8.7,13.2,1.4,26.4,169638,53.5,2.6,14.1,1.6,28.2,2.4
Virginia,6559098,50.7,5.6,9.9,2.6,31.2,3191903,52.5,2.3,8.5,2.2,34.4,281842,0.8,0,0,0.1,99,859297,30,0.1,3,1.8,65.1,546282,65.2,0.4,9.8,3.4,21.2,588482,67.1,0.9,14.5,3.3,14.2,471508,72.4,2.4,14.1,2.4,8.7,444492,73.1,12.3,9.1,1.4,4.1,3367195,48.9,8.7,11.3,2.9,28.2,268035,1.1,0,0,0.1,98.8,836934,37.2,0.2,4.3,3.1,55.2,557479,65.5,0.9,12.4,4.7,16.5,614467,64.4,2.7,17.5,4.2,11.2,511486,62.8,8,18.8,2.6,7.8,578794,43.2,39.4,12.3,1,4.1,6425924,51,5.6,10,2.6,30.9,4653779,54.7,5.9,10.1,2.2,27.2,1244317,33.9,5.9,11.5,4.4,44.3,20874,43,5.7,13.5,3.5,34.3,368750,63.4,3.6,4.2,1.1,27.6,4745,50.2,2.9,7,0.6,39.2,133459,47.5,1.7,6.4,3.4,41,133174,36.3,3,9.2,2.7,48.7,476241,47.1,2.1,6.8,3.4,40.7,4351973,55.1,6.1,10.3,2.1,26.4,5687598,49,5.8,10.5,2.6,32.1,871500,61.4,4,6.6,2.6,25.4,3138436,53.4,2.4,8.7,2.3,33.3,2261360,57.3,0.8,8.4,2.3,31.2,3315180,49.7,8.8,11.5,2.9,27.1,2042251,50.7,2.9,13,3.6,29.9,3.1
Washington,5504498,51.1,4.9,12.1,1.7,30.2,2728582,52,2.1,10.5,1.5,33.9,231626,0.7,0,0,0.1,99.2,738300,31.9,0.1,3.6,1.2,63.3,462055,63.3,0.3,11.8,2.6,21.9,485414,64.9,0.8,17.1,2.2,14.9,419810,69.7,1.9,17.9,1.6,9,391377,71.8,11,12.3,0.9,3.9,2775916,50.2,7.7,13.5,1.9,26.6,220364,1.6,0,0,0.1,98.3,697204,40.8,0.2,5.5,2,51.5,449546,65.5,0.7,14.8,3.2,15.7,486967,65,2.4,20,2.7,9.9,441893,63.2,6.7,21.8,1.7,6.6,479942,45,35.2,16.1,0.7,3,5313547,51.7,5,12.1,1.7,29.4,4422956,52.4,5.3,12.7,1.6,28,191201,34.8,4,14.7,3.4,43.1,72641,33.7,4.5,16.5,3,42.4,413295,57.6,4.5,6.2,1.3,30.4,30578,46.8,3.5,7.3,2.1,40.3,182876,46.5,1.8,6.8,3.2,41.7,190951,33.9,2.3,10.6,2.3,50.9,519884,45.1,1.9,7.4,3.1,42.4,4127079,52.9,5.5,13.1,1.5,27,4655513,49.3,5,12.9,1.6,31.3,848985,61,4.8,7.5,2.4,24.2,2683323,52.8,2.1,10.7,1.5,32.8,1901435,56.4,0.7,10,1.6,31.4,2732813,51,7.9,13.8,1.9,25.4,1625341,51.4,2.3,15.1,2.2,29,2.8
West Virginia,1535574,50.8,8,12.8,1.7,26.7,750989,52.4,3.4,12.3,1.5,30.5,60280,0.7,0,0.1,0.1,99.2,173328,30.6,0.1,6,1.2,62.2,118759,59,0.6,16.9,2.5,20.9,132810,62.9,1.3,19.7,2.4,13.7,131805,70,3.1,16.8,1.4,8.6,134007,70.1,13.9,10.4,0.6,4.9,784585,49.4,12.4,13.2,1.8,23.1,56862,2,0.1,0.2,0.1,97.6,167998,39.3,0.6,8.6,2.1,49.4,116710,63.4,1.5,17.9,3.5,13.7,135628,65.7,3.9,18.9,2.9,8.7,136425,63.9,10.2,18.3,1.4,6.1,170962,40.9,44.1,10.3,0.6,4.1,1513891,51.1,8,12.8,1.7,26.5,1448518,51.9,8.1,12.8,1.6,25.6,48299,28.2,6.4,12.2,4.1,49.2,2739,41.1,4.7,25.1,1.9,27.1,10562,56.4,2.3,6.5,1,33.7,473,35.1,0,15.2,2.1,47.6,3300,39,1.5,8.7,5.5,45.3,21683,32.5,5.9,15.1,2.2,44.3,16834,39.7,4.5,8.7,3.2,43.9,1436330,52,8.2,12.8,1.6,25.5,1510980,50.7,8,12.9,1.6,26.7,24594,56.8,4.9,7.3,2.8,28.1,739153,53.2,3.4,12.5,1.5,29.4,442043,57.2,1,11.8,1.4,28.7,773235,50.1,12.6,13.4,1.9,22,384182,53.4,4,15.4,2.2,25,2.4
Wisconsin,4613055,51.5,5.8,10.5,1.1,31,2273563,52.7,2.5,9.8,1,34,202652,0.5,0,0,0.1,99.4,567057,29.4,0,3.3,0.8,66.4,360676,64.2,0.2,12.2,1.6,21.7,429632,65.9,0.8,16.7,1.5,15.1,362142,72.3,1.9,15.4,1,9.4,351404,72.2,12.7,9.3,0.6,5.2,2339492,50.4,9.1,11.3,1.2,28,192651,0.8,0,0,0.1,99,547703,37,0.2,4.6,1.2,57,353190,66.5,0.7,14.7,2.2,16,430083,67.6,2.2,17.5,1.8,11,365016,67.2,6.7,17.7,1.1,7.4,450849,45.3,39,10.4,0.5,4.8,4552986,51.8,5.9,10.6,1.1,30.6,4096355,54,6.1,10.7,0.9,28.3,259955,21.8,4.1,11.3,3.3,59.5,37511,34.9,4.7,15.2,2.4,42.7,98623,53.5,2.9,4.5,1.4,37.7,1112,43.6,0.4,4,3.8,48.1,59430,44.2,1.3,7.8,2.7,44.1,60069,28.7,2.4,9.5,1.6,57.7,225550,43,1.8,8.4,2.5,44.3,3945145,54.4,6.3,10.7,0.9,27.7,4366042,51.1,5.9,10.8,1.1,31.2,247013,59.8,4.8,6.7,2.1,26.6,2234594,53.6,2.5,10,1,32.9,1602821,56,0.7,9.8,1,32.4,2303283,51.2,9.2,11.4,1.2,26.9,1479560,53.3,2.5,12.7,1.4,30.1,2.5
Wyoming,455745,54.4,5.4,12.4,1.5,26.4,231940,54.3,2.5,11.7,1.5,30.1,20181,0.6,0,0,0,99.4,62749,36.1,0.1,5.1,1.3,57.3,35820,64.9,0.4,16.5,2.4,15.9,40448,66.7,1.4,18,2.5,11.5,38982,72.4,2.2,18.2,1.2,5.9,33760,73.3,12.1,10.6,0.8,3.3,223805,54.5,8.4,13.1,1.6,22.5,17987,2.2,0,0.2,0.4,97.3,57207,46.9,0.4,7.7,2,43,32766,69.3,1.6,16.4,3.5,9.2,39925,69.7,2.2,19.4,1.8,6.9,37279,68.3,6.6,19.5,1,4.6,38641,48.5,38,11.3,0.2,2,446583,54.7,5.4,12.3,1.5,26,419538,55.5,5.5,12.4,1.4,25.2,4242,35.2,3.5,11.3,2.6,47.3,9219,33.7,4.6,15.9,2.5,43.2,4092,49.9,5.9,4.4,1.6,38.3,177,46.3,3.4,11.3,2.3,36.7,9315,52.5,2.4,10.9,2.7,31.5,9162,36.9,3.8,13,2.5,43.8,36227,47.1,3.7,10.6,2.7,35.9,396581,56,5.6,12.5,1.4,24.6,438616,54.2,5.4,12.5,1.4,26.5,17129,59.8,4.2,8.1,4.2,23.6,228100,55.2,2.5,11.9,1.5,28.9,170286,57.9,0.9,11.4,1.5,28.3,220195,55.4,8.5,13.3,1.6,21.3,139233,56,3.2,14.9,2,23.8,2.6
Puerto Rico,2978605,38.3,7.1,13.4,3.1,38.1,1401882,40.8,3,11.4,2.7,42.1,140938,0.5,0,0,0.1,99.3,364128,19.6,0.1,4.9,2,73.3,227003,45.6,0.4,15.9,3.8,34.2,224032,50.5,1.2,19.3,4,24.9,200173,61.7,2.7,17.4,3.3,14.9,245608,65,13.1,11.3,2.4,8.2,1576723,36.2,10.8,15.1,3.5,34.6,134809,1.9,0,0.1,0.4,97.6,379010,24.3,0.4,8.2,3.3,63.9,247806,45.1,1.4,21.4,5.3,26.8,257770,49.3,3.9,23.1,4.9,18.9,238272,50.1,11.7,21.4,3.8,13,319056,36.8,39.7,13.6,2,7.9,2640923,38.7,7.2,13.4,3.1,37.5,2095016,40,7.4,13.3,2.9,36.3,237144,33.9,7.1,14.3,4.2,40.5,8132,35,4.7,13.8,5.2,41.3,9671,31.2,6.3,16.8,4.8,40.9,54,90.7,0,9.3,0,0,290906,34,6,13.3,3.5,43.3,337682,35.3,6,12.7,2.9,42.9,2945278,38.3,7.1,13.4,3.1,38.2,23054,46.4,6.2,13.3,2.1,32,2878993,38.1,7.1,13.3,3,38.5,99612,46,7.5,16.1,4.6,25.8,1374962,41.6,3,11.6,2.7,41,714653,43.9,0.8,13,3.1,39.2,1550418,36.8,10.9,15.3,3.5,33.5,633791,36.7,2.9,19.5,4.1,36.6,2.7
